Pop,Elev
BH,511.4294422
CP2,2244.132886
SQ1,1921.036585
WL1,1613.837245
WL2,2020.115818
TM2,379.1526973
LVTR,2795.184395
FR,787
YO1,2140.505943
IH,454.1298385
DPR,1018.591893
YO7,2469.978665